Date,subreddit,count_negative,count_positive,count_total,positive_ratio,activity_count
2013-03-17,financialindependence,0,1,1,1.0,1
2013-07-11,investing,1,0,1,0.0,1
2013-08-09,investing,0,1,1,1.0,1
2013-10-16,investing,0,1,1,1.0,1
2013-10-23,investing,0,1,1,1.0,1
2013-10-24,investing,0,1,1,1.0,1
2013-10-31,investing,1,0,1,0.0,1
2013-11-25,investing,0,1,1,1.0,1
2014-02-01,investing,0,1,1,1.0,1
2014-03-14,investing,0,1,1,1.0,1
2014-03-16,investing,0,1,1,1.0,1
2014-09-04,investing,0,1,1,1.0,1
2014-09-19,investing,0,1,1,1.0,1
2015-02-26,investing,1,0,1,0.0,1
2015-04-24,investing,1,0,1,0.0,1
2015-04-27,investing,0,1,1,1.0,1
2015-05-31,investing,0,1,1,1.0,1
2015-07-01,investing,0,1,1,1.0,1
2015-10-01,investing,0,1,1,1.0,1
2015-10-07,investing,0,1,1,1.0,1
2015-11-03,investing,1,1,2,0.5,2
2015-11-19,investing,0,1,1,1.0,1
2015-12-12,investing,0,1,1,1.0,1
2015-12-15,investing,0,1,1,1.0,1
2015-12-22,investing,0,2,2,1.0,2
2016-01-04,investing,0,1,1,1.0,1
2016-01-07,investing,0,1,1,1.0,1
2016-02-28,investing,0,1,1,1.0,1
2016-04-09,investing,0,1,1,1.0,1
2016-05-29,investing,0,1,1,1.0,1
2016-05-31,investing,0,1,1,1.0,1
2016-07-01,investing,1,0,1,0.0,1
2016-07-06,investing,0,1,1,1.0,1
2016-08-04,investing,1,0,1,0.0,1
2016-08-10,investing,1,0,1,0.0,1
2016-08-29,financialindependence,0,1,1,1.0,1
2016-09-13,investing,0,1,1,1.0,1
2017-01-05,financialindependence,0,1,1,1.0,1
2017-03-10,investing,0,1,1,1.0,1
2017-03-15,investing,0,1,1,1.0,1
2017-03-27,investing,0,1,1,1.0,1
2017-04-04,investing,0,1,1,1.0,1
2017-04-27,investing,0,1,1,1.0,1
2017-05-16,investing,0,1,1,1.0,1
2017-05-27,investing,0,1,1,1.0,1
2017-06-07,financialindependence,0,1,1,1.0,1
2017-06-14,investing,1,0,1,0.0,1
2017-06-28,investing,0,1,1,1.0,1
2017-07-02,investing,0,1,1,1.0,1
2017-08-13,investing,0,1,1,1.0,1
2017-08-29,financialindependence,0,1,1,1.0,1
2017-10-22,investing,1,0,1,0.0,1
2017-12-01,investing,0,1,1,1.0,1
2018-01-03,investing,0,1,1,1.0,1
2018-01-08,investing,0,1,1,1.0,1
2018-01-30,investing,1,0,1,0.0,1
2018-02-17,investing,0,1,1,1.0,1
2018-02-25,financialindependence,0,2,2,1.0,2
2018-03-01,financialindependence,0,1,1,1.0,1
2018-03-14,financialindependence,0,1,1,1.0,1
2018-03-18,investing,0,1,1,1.0,1
2018-03-25,investing,0,1,1,1.0,1
2018-04-10,investing,0,1,1,1.0,1
2018-05-16,financialindependence,1,0,1,0.0,1
2018-06-29,investing,1,0,1,0.0,1
2018-07-10,investing,1,0,1,0.0,1
2018-08-05,investing,0,1,1,1.0,1
2018-08-15,investing,0,1,1,1.0,1
2018-08-30,investing,1,0,1,0.0,1
2018-12-18,investing,1,0,1,0.0,1
2018-12-24,investing,1,0,1,0.0,1
2019-01-01,financialindependence,0,1,1,1.0,1
2019-02-08,investing,1,0,1,0.0,1
2019-02-20,investing,0,1,1,1.0,1
2019-02-23,investing,1,0,1,0.0,1
2019-03-19,investing,0,1,1,1.0,1
2019-04-01,investing,0,1,1,1.0,1
2019-04-12,financialindependence,0,1,1,1.0,1
2019-05-06,stocks,1,0,1,0.0,1
2019-05-17,investing,1,0,1,0.0,1
2019-06-07,investing,1,0,1,0.0,1
2019-06-10,investing,0,1,1,1.0,1
2019-07-06,stocks,1,0,1,0.0,1
2019-07-16,investing,0,1,1,1.0,1
2019-07-22,investing,0,1,1,1.0,1
2019-08-29,investing,0,1,1,1.0,1
2019-09-16,investing,0,1,1,1.0,1
2019-10-05,stocks,0,1,1,1.0,1
2019-10-20,investing,0,1,1,1.0,1
2019-10-21,stocks,1,0,1,0.0,1
2019-10-25,stocks,0,1,1,1.0,1
2019-11-12,stocks,1,0,1,0.0,1
2019-11-23,stocks,0,1,1,1.0,1
2019-11-26,investing,0,1,1,1.0,1
2019-12-19,investing,1,0,1,0.0,1
2020-01-03,stocks,0,1,1,1.0,1
2020-01-04,stocks,0,1,1,1.0,1
2020-01-14,stocks,1,0,1,0.0,1
2020-01-20,investing,0,1,1,1.0,1
2020-01-22,investing,0,1,1,1.0,1
2020-02-18,investing,0,1,1,1.0,1
2020-02-25,financialindependence,0,1,1,1.0,1
2020-02-29,stocks,0,1,1,1.0,1
2020-03-02,investing,0,1,1,1.0,1
2020-03-12,stocks,0,1,1,1.0,1
2020-03-13,stocks,0,1,1,1.0,1
2020-03-15,investing,0,1,1,1.0,1
2020-03-17,investing,0,1,1,1.0,1
2020-03-27,investing,0,1,1,1.0,1
2020-03-30,investing,0,1,1,1.0,1
2020-04-04,investing,0,1,1,1.0,1
2020-04-17,stocks,0,1,1,1.0,1
2020-04-18,stocks,0,1,1,1.0,1
2020-04-19,stocks,1,0,1,0.0,1
2020-04-22,investing,0,1,1,1.0,1
2020-04-23,stocks,0,1,1,1.0,1
2020-04-25,investing,0,1,1,1.0,1
2020-05-16,stocks,0,1,1,1.0,1
2020-05-19,investing,0,1,1,1.0,1
2020-05-22,investing,0,1,1,1.0,1
2020-06-11,investing,0,1,1,1.0,1
2020-07-03,investing,0,1,1,1.0,1
2020-07-04,stocks,0,1,1,1.0,1
2020-07-15,stocks,0,1,1,1.0,1
2020-07-16,investing,0,1,1,1.0,1
2020-07-20,investing,0,1,1,1.0,1
2020-07-28,stocks,0,1,1,1.0,1
2020-07-29,investing,0,1,1,1.0,1
2020-07-31,stocks,0,1,1,1.0,1
2020-08-05,investing,0,1,1,1.0,1
2020-08-06,investing,0,2,2,1.0,2
2020-08-06,stocks,0,2,2,1.0,2
2020-08-10,investing,0,1,1,1.0,1
2020-08-19,investing,0,1,1,1.0,1
2020-08-22,investing,0,1,1,1.0,1
2020-08-24,investing,0,1,1,1.0,1
2020-09-06,investing,0,1,1,1.0,1
2020-09-10,investing,0,1,1,1.0,1
2020-09-12,stocks,1,0,1,0.0,1
2020-09-14,stocks,0,1,1,1.0,1
2020-09-26,stocks,0,1,1,1.0,1
2020-09-29,stocks,0,1,1,1.0,1
2020-10-05,investing,0,1,1,1.0,1
2020-10-05,stocks,1,0,1,0.0,1
2020-10-22,investing,0,1,1,1.0,1
2020-10-23,stocks,0,1,1,1.0,1
2020-11-03,investing,0,1,1,1.0,1
2020-11-17,investing,0,1,1,1.0,1
2020-11-17,stocks,1,1,2,0.5,2
2020-11-18,stocks,0,1,1,1.0,1
2020-11-21,stocks,0,1,1,1.0,1
2020-11-24,stocks,0,1,1,1.0,1
2020-11-30,investing,0,1,1,1.0,1
2020-12-01,investing,0,1,1,1.0,1
2020-12-02,investing,1,0,1,0.0,1
2020-12-09,investing,0,1,1,1.0,1
2020-12-10,stocks,0,1,1,1.0,1
2020-12-11,stocks,0,1,1,1.0,1
2020-12-12,stocks,1,0,1,0.0,1
2020-12-17,stocks,0,1,1,1.0,1
2020-12-20,investing,0,1,1,1.0,1
2020-12-22,stocks,0,1,1,1.0,1
2020-12-28,investing,0,1,1,1.0,1
2021-01-06,stocks,0,1,1,1.0,1
2021-01-08,investing,0,1,1,1.0,1
2021-01-10,investing,0,1,1,1.0,1
2021-01-12,investing,0,2,2,1.0,2
2021-01-14,investing,0,1,1,1.0,1
2021-01-18,investing,0,1,1,1.0,1
2021-01-18,stocks,0,2,2,1.0,2
2021-01-22,investing,1,0,1,0.0,1
2021-01-25,investing,0,1,1,1.0,1
2021-01-30,stocks,1,0,1,0.0,1
2021-02-03,investing,0,1,1,1.0,1
2021-02-06,stocks,0,1,1,1.0,1
2021-02-07,stocks,0,1,1,1.0,1
2021-02-11,stocks,0,1,1,1.0,1
2021-02-12,investing,0,1,1,1.0,1
2021-02-17,stocks,0,1,1,1.0,1
2021-02-26,investing,0,1,1,1.0,1
2021-03-01,stocks,0,1,1,1.0,1
2021-03-02,investing,0,1,1,1.0,1
2021-03-02,stocks,0,1,1,1.0,1
2021-03-04,stocks,0,1,1,1.0,1
2021-03-12,investing,1,0,1,0.0,1
2021-03-15,stocks,0,1,1,1.0,1
2021-04-01,stocks,0,1,1,1.0,1
2021-04-03,stocks,1,0,1,0.0,1
2021-04-06,stocks,0,1,1,1.0,1
2021-04-08,investing,0,1,1,1.0,1
2021-04-15,investing,0,2,2,1.0,2
2021-04-19,investing,0,1,1,1.0,1
2021-04-19,stocks,1,0,1,0.0,1
2021-05-04,investing,0,1,1,1.0,1
2021-05-07,stocks,0,1,1,1.0,1
2021-05-12,investing,0,1,1,1.0,1
2021-05-17,stocks,0,1,1,1.0,1
2021-05-22,investing,0,1,1,1.0,1
2021-05-26,stocks,0,1,1,1.0,1
2021-05-29,investing,0,1,1,1.0,1
2021-06-01,investing,0,1,1,1.0,1
2021-06-07,stocks,0,1,1,1.0,1
2021-06-10,stocks,0,1,1,1.0,1
2021-06-24,investing,0,1,1,1.0,1
2021-06-25,stocks,0,1,1,1.0,1
2021-06-29,stocks,0,1,1,1.0,1
2021-07-11,financialindependence,0,1,1,1.0,1
2021-07-13,stocks,0,1,1,1.0,1
2021-08-11,stocks,0,1,1,1.0,1
2021-08-14,stocks,0,1,1,1.0,1
2021-08-18,investing,0,1,1,1.0,1
2021-08-23,stocks,0,1,1,1.0,1
2021-10-13,stocks,0,1,1,1.0,1
2021-11-10,stocks,0,1,1,1.0,1
2021-12-07,stocks,0,1,1,1.0,1
2021-12-12,stocks,0,1,1,1.0,1
2022-01-06,stocks,0,1,1,1.0,1
2022-01-09,stocks,0,1,1,1.0,1
2022-01-13,investing,0,1,1,1.0,1
2022-01-13,stocks,0,1,1,1.0,1
2022-01-14,investing,0,1,1,1.0,1
2022-01-21,stocks,0,1,1,1.0,1
2022-01-28,stocks,0,1,1,1.0,1
2022-02-11,stocks,0,1,1,1.0,1
2022-02-15,investing,0,1,1,1.0,1
2022-02-22,stocks,1,0,1,0.0,1
2022-02-27,investing,0,1,1,1.0,1
2022-02-27,stocks,0,1,1,1.0,1
2022-03-07,stocks,1,0,1,0.0,1
2022-03-10,stocks,0,1,1,1.0,1
2022-03-12,stocks,1,0,1,0.0,1
2022-03-26,stocks,0,1,1,1.0,1
2022-04-01,stocks,0,1,1,1.0,1
2022-04-05,investing,0,1,1,1.0,1
2022-04-05,stocks,0,1,1,1.0,1
2022-05-09,stocks,1,0,1,0.0,1
2022-05-13,investing,0,1,1,1.0,1
2022-05-16,stocks,1,0,1,0.0,1
2022-05-24,investing,1,0,1,0.0,1
2022-05-30,investing,0,1,1,1.0,1
2022-05-30,stocks,1,0,1,0.0,1
2022-06-10,stocks,0,1,1,1.0,1
2022-07-13,investing,0,1,1,1.0,1
2022-07-18,stocks,0,1,1,1.0,1
2022-07-20,stocks,0,1,1,1.0,1
2022-07-28,stocks,1,0,1,0.0,1
2022-07-31,stocks,1,0,1,0.0,1
2022-08-09,stocks,1,0,1,0.0,1
2022-08-19,stocks,1,0,1,0.0,1
2022-09-22,stocks,0,1,1,1.0,1
2022-09-29,stocks,0,1,1,1.0,1
2022-10-13,stocks,0,1,1,1.0,1
2022-10-14,stocks,1,0,1,0.0,1
2022-10-16,investing,0,1,1,1.0,1
2022-10-18,stocks,0,1,1,1.0,1
2022-10-25,investing,1,0,1,0.0,1
2022-10-25,stocks,0,1,1,1.0,1
2022-10-28,investing,0,1,1,1.0,1
2022-10-31,stocks,0,1,1,1.0,1
2022-11-07,stocks,1,0,1,0.0,1
2022-11-16,investing,0,1,1,1.0,1
2022-11-20,investing,0,1,1,1.0,1
2022-12-05,investing,0,1,1,1.0,1
2022-12-11,investing,1,0,1,0.0,1
2022-12-24,stocks,0,1,1,1.0,1
2023-01-16,investing,0,1,1,1.0,1
2023-01-22,stocks,1,0,1,0.0,1
2023-01-25,investing,0,1,1,1.0,1
2023-01-25,stocks,0,1,1,1.0,1
2023-01-26,investing,0,1,1,1.0,1
2023-01-30,investing,0,1,1,1.0,1
2023-02-02,investing,0,1,1,1.0,1
2023-02-04,investing,0,1,1,1.0,1
2023-02-04,stocks,0,1,1,1.0,1
2023-02-07,stocks,0,1,1,1.0,1
2023-02-15,investing,0,1,1,1.0,1
2023-02-20,stocks,1,0,1,0.0,1
2023-03-01,stocks,0,1,1,1.0,1
2023-03-18,IndiaInvestments,0,1,1,1.0,1
2023-03-21,IndiaInvestments,0,1,1,1.0,1
2023-03-30,IndiaInvestments,0,1,1,1.0,1
2023-03-31,investing,0,1,1,1.0,1
2023-04-01,IndiaInvestments,0,1,1,1.0,1
2023-04-06,investing,0,1,1,1.0,1
2023-04-09,IndiaInvestments,0,1,1,1.0,1
2023-04-11,IndiaInvestments,0,1,1,1.0,1
2023-04-11,investing,1,0,1,0.0,1
2023-04-12,IndiaInvestments,0,1,1,1.0,1
2023-04-13,IndiaInvestments,0,1,1,1.0,1
2023-04-13,investing,1,0,1,0.0,1
2023-04-14,IndiaInvestments,0,1,1,1.0,1
2023-04-18,investing,0,1,1,1.0,1
2023-04-18,stocks,0,1,1,1.0,1
2023-04-23,IndiaInvestments,0,1,1,1.0,1
2023-04-24,IndiaInvestments,0,1,1,1.0,1
2023-04-26,stocks,1,0,1,0.0,1
2023-05-01,IndiaInvestments,0,1,1,1.0,1
2023-05-11,IndiaInvestments,0,1,1,1.0,1
2023-05-17,IndiaInvestments,0,1,1,1.0,1
2023-05-26,investing,0,1,1,1.0,1
2023-05-27,IndiaInvestments,0,1,1,1.0,1
2023-06-01,IndiaInvestments,0,1,1,1.0,1
2023-06-04,stocks,0,1,1,1.0,1
2023-06-22,stocks,0,1,1,1.0,1
2023-06-24,IndiaInvestments,0,1,1,1.0,1
2023-06-24,stocks,0,1,1,1.0,1
2023-06-28,IndiaInvestments,0,1,1,1.0,1
2023-07-01,IndiaInvestments,0,1,1,1.0,1
2023-07-06,IndiaInvestments,0,1,1,1.0,1
2023-07-09,IndiaInvestments,0,1,1,1.0,1
2023-07-09,investing,0,1,1,1.0,1
2023-07-13,IndiaInvestments,0,1,1,1.0,1
2023-07-17,stocks,1,0,1,0.0,1
2023-08-01,IndiaInvestments,0,1,1,1.0,1
2023-08-05,IndiaInvestments,0,1,1,1.0,1
2023-08-07,stocks,0,1,1,1.0,1
2023-08-11,IndiaInvestments,0,1,1,1.0,1
2023-08-13,IndiaInvestments,0,1,1,1.0,1
2023-08-17,IndiaInvestments,0,1,1,1.0,1
2023-08-18,IndiaInvestments,0,1,1,1.0,1
2023-08-29,stocks,0,1,1,1.0,1
2023-08-30,financialindependence,0,1,1,1.0,1
2023-09-01,IndiaInvestments,0,1,1,1.0,1
2023-09-02,IndiaInvestments,0,1,1,1.0,1
2023-09-02,stocks,1,0,1,0.0,1
2023-09-06,IndiaInvestments,0,2,2,1.0,2
2023-09-06,stocks,0,1,1,1.0,1
2023-09-07,IndiaInvestments,0,1,1,1.0,1
2023-09-07,stocks,0,1,1,1.0,1
2023-09-09,stocks,0,1,1,1.0,1
2023-09-15,investing,0,1,1,1.0,1
2023-09-21,stocks,0,1,1,1.0,1
2023-09-23,IndiaInvestments,0,1,1,1.0,1
2023-09-24,IndiaInvestments,0,2,2,1.0,2
2023-09-25,investing,0,1,1,1.0,1
2023-09-26,stocks,0,1,1,1.0,1
2023-09-27,investing,0,1,1,1.0,1
2023-09-30,stocks,1,0,1,0.0,1
2023-10-01,IndiaInvestments,0,1,1,1.0,1
2023-10-06,IndiaInvestments,0,1,1,1.0,1
2023-10-08,IndiaInvestments,0,1,1,1.0,1
2023-10-11,IndiaInvestments,0,1,1,1.0,1
2023-10-15,IndiaInvestments,0,1,1,1.0,1
2023-10-17,IndiaInvestments,0,1,1,1.0,1
2023-10-21,IndiaInvestments,0,1,1,1.0,1
2023-10-23,IndiaInvestments,1,0,1,0.0,1
2023-10-24,IndiaInvestments,0,1,1,1.0,1
2023-10-27,IndiaInvestments,0,1,1,1.0,1
2023-10-30,stocks,0,1,1,1.0,1
2023-10-31,IndiaInvestments,0,2,2,1.0,2
2023-11-01,IndiaInvestments,0,1,1,1.0,1
2023-11-02,IndiaInvestments,0,1,1,1.0,1
2023-11-03,stocks,0,1,1,1.0,1
2023-11-04,IndiaInvestments,0,2,2,1.0,2
2023-11-04,stocks,0,1,1,1.0,1
2023-11-11,IndiaInvestments,0,1,1,1.0,1
2023-11-12,IndiaInvestments,0,1,1,1.0,1
2023-11-23,IndiaInvestments,0,1,1,1.0,1
2023-12-01,IndiaInvestments,0,2,2,1.0,2
2023-12-02,stocks,0,1,1,1.0,1
2023-12-15,IndiaInvestments,0,1,1,1.0,1
2023-12-18,stocks,0,1,1,1.0,1
2023-12-30,stocks,0,1,1,1.0,1
2023-12-31,IndiaInvestments,0,1,1,1.0,1
2024-01-01,IndiaInvestments,0,3,3,1.0,3
2024-01-02,IndiaInvestments,0,1,1,1.0,1
2024-01-09,stocks,0,1,1,1.0,1
2024-01-10,IndiaInvestments,0,1,1,1.0,1
2024-01-11,stocks,0,1,1,1.0,1
2024-01-15,IndiaInvestments,0,1,1,1.0,1
2024-01-17,IndiaInvestments,0,1,1,1.0,1
2024-01-17,stocks,1,0,1,0.0,1
2024-01-20,IndiaInvestments,0,1,1,1.0,1
2024-01-22,stocks,0,1,1,1.0,1
2024-01-23,stocks,0,1,1,1.0,1
2024-01-24,investing,0,1,1,1.0,1
2024-01-25,stocks,0,1,1,1.0,1
2024-01-27,IndiaInvestments,0,2,2,1.0,2
2024-01-28,IndiaInvestments,0,1,1,1.0,1
2024-01-30,IndiaInvestments,0,1,1,1.0,1
2024-02-01,IndiaInvestments,0,1,1,1.0,1
2024-02-03,stocks,0,1,1,1.0,1
2024-02-07,stocks,0,1,1,1.0,1
2024-02-12,investing,0,1,1,1.0,1
2024-02-15,IndiaInvestments,1,0,1,0.0,1
2024-02-16,IndiaInvestments,0,1,1,1.0,1
2024-02-24,stocks,0,1,1,1.0,1
2024-02-25,stocks,0,1,1,1.0,1
2024-02-28,stocks,1,1,2,0.5,2
2024-02-29,stocks,0,1,1,1.0,1
2024-03-01,IndiaInvestments,0,1,1,1.0,1
2024-03-02,investing,1,0,1,0.0,1
2024-03-02,stocks,0,1,1,1.0,1
2024-03-03,IndiaInvestments,0,1,1,1.0,1
2024-03-06,stocks,0,1,1,1.0,1
2024-03-12,IndiaInvestments,0,1,1,1.0,1
2024-03-13,IndiaInvestments,0,1,1,1.0,1
2024-03-16,IndiaInvestments,0,1,1,1.0,1
2024-03-18,IndiaInvestments,1,0,1,0.0,1
2024-03-21,stocks,0,2,2,1.0,2
2024-03-27,IndiaInvestments,0,1,1,1.0,1
2024-04-01,IndiaInvestments,0,1,1,1.0,1
2024-04-02,IndiaInvestments,0,1,1,1.0,1
2024-04-10,IndiaInvestments,0,1,1,1.0,1
2024-04-11,stocks,0,1,1,1.0,1
2024-04-21,IndiaInvestments,0,1,1,1.0,1
2024-04-23,IndiaInvestments,0,2,2,1.0,2
2024-04-23,stocks,0,1,1,1.0,1
2024-04-25,IndiaInvestments,0,1,1,1.0,1
2024-05-01,IndiaInvestments,0,1,1,1.0,1
2024-05-02,investing,0,1,1,1.0,1
2024-05-03,IndiaInvestments,1,1,2,0.5,2
2024-05-06,financialindependence,0,1,1,1.0,1
2024-05-07,IndiaInvestments,0,1,1,1.0,1
2024-05-15,stocks,0,1,1,1.0,1
2024-05-19,IndiaInvestments,0,1,1,1.0,1
2024-05-22,IndiaInvestments,0,1,1,1.0,1
2024-05-25,stocks,0,1,1,1.0,1
2024-05-26,IndiaInvestments,0,1,1,1.0,1
2024-05-30,IndiaInvestments,0,1,1,1.0,1
2024-05-31,IndiaInvestments,0,1,1,1.0,1
2024-06-01,IndiaInvestments,0,1,1,1.0,1
2024-06-03,IndiaInvestments,0,1,1,1.0,1
2024-06-05,investing,0,1,1,1.0,1
2024-06-10,IndiaInvestments,0,1,1,1.0,1
2024-06-12,IndiaInvestments,0,1,1,1.0,1
2024-06-20,IndiaInvestments,0,1,1,1.0,1
2024-06-27,stocks,0,1,1,1.0,1
2024-06-28,IndiaInvestments,0,1,1,1.0,1
2024-06-29,investing,0,1,1,1.0,1
2024-07-01,IndiaInvestments,0,2,2,1.0,2
2024-07-02,stocks,0,1,1,1.0,1
2024-07-05,IndiaInvestments,0,1,1,1.0,1
2024-07-08,IndiaInvestments,0,2,2,1.0,2
2024-07-12,IndiaInvestments,0,2,2,1.0,2
2024-07-16,stocks,0,1,1,1.0,1
2024-07-20,IndiaInvestments,0,1,1,1.0,1
2024-07-21,IndiaInvestments,0,1,1,1.0,1
2024-07-22,stocks,0,1,1,1.0,1
2024-07-24,IndiaInvestments,0,2,2,1.0,2
2024-07-26,IndiaInvestments,0,2,2,1.0,2
2024-07-29,financialindependence,0,1,1,1.0,1
2024-07-31,IndiaInvestments,0,1,1,1.0,1
2024-08-01,IndiaInvestments,0,2,2,1.0,2
2024-08-03,IndiaInvestments,0,1,1,1.0,1
2024-08-04,IndiaInvestments,0,1,1,1.0,1
2024-08-04,stocks,0,1,1,1.0,1
2024-08-07,IndiaInvestments,0,1,1,1.0,1
2024-08-07,stocks,0,1,1,1.0,1
2024-08-10,IndiaInvestments,0,1,1,1.0,1
2024-08-15,stocks,0,1,1,1.0,1
2024-08-16,IndiaInvestments,0,1,1,1.0,1
2024-08-17,investing,1,0,1,0.0,1
2024-08-19,IndiaInvestments,0,1,1,1.0,1
2024-08-21,IndiaInvestments,0,1,1,1.0,1
2024-08-24,IndiaInvestments,0,1,1,1.0,1
2024-08-27,stocks,1,0,1,0.0,1
2024-08-30,IndiaInvestments,0,1,1,1.0,1
2024-08-31,IndiaInvestments,0,2,2,1.0,2
2024-09-01,IndiaInvestments,0,1,1,1.0,1
2024-09-05,IndiaInvestments,0,1,1,1.0,1
2024-09-08,stocks,0,1,1,1.0,1
2024-09-13,IndiaInvestments,1,0,1,0.0,1
2024-09-29,IndiaInvestments,0,1,1,1.0,1
2024-10-01,IndiaInvestments,0,1,1,1.0,1
2024-10-02,stocks,0,1,1,1.0,1
2024-10-03,IndiaInvestments,0,1,1,1.0,1
2024-10-04,IndiaInvestments,0,1,1,1.0,1
2024-10-07,IndiaInvestments,0,1,1,1.0,1
2024-10-10,IndiaInvestments,0,1,1,1.0,1
2024-10-23,IndiaInvestments,0,2,2,1.0,2
2024-10-27,IndiaInvestments,0,1,1,1.0,1
2024-11-01,IndiaInvestments,0,1,1,1.0,1
2024-11-04,stocks,0,1,1,1.0,1
2024-11-06,investing,0,1,1,1.0,1
2024-11-09,investing,1,0,1,0.0,1
2024-11-09,stocks,0,1,1,1.0,1
2024-11-10,investing,0,1,1,1.0,1
2024-11-10,stocks,0,1,1,1.0,1
2024-11-13,investing,1,1,2,0.5,2
2024-11-15,IndiaInvestments,0,1,1,1.0,1
2024-11-18,investing,0,1,1,1.0,1
2024-11-20,stocks,0,1,1,1.0,1
2024-11-21,stocks,0,1,1,1.0,1
2024-11-22,IndiaInvestments,1,1,2,0.5,2
2024-11-25,investing,0,2,2,1.0,2
2024-11-28,investing,0,1,1,1.0,1
2024-12-01,IndiaInvestments,0,1,1,1.0,1
2024-12-11,stocks,0,1,1,1.0,1
2024-12-13,IndiaInvestments,0,1,1,1.0,1
2024-12-16,IndiaInvestments,0,2,2,1.0,2
2024-12-16,stocks,0,1,1,1.0,1
2024-12-20,IndiaInvestments,0,1,1,1.0,1
2024-12-27,stocks,0,1,1,1.0,1
2024-12-31,IndiaInvestments,0,1,1,1.0,1
2025-01-01,IndiaInvestments,0,1,1,1.0,1
2025-01-04,IndiaInvestments,0,1,1,1.0,1
2025-01-05,investing,1,0,1,0.0,1
2025-01-06,IndiaInvestments,0,1,1,1.0,1
2025-01-06,investing,0,1,1,1.0,1
2025-01-07,stocks,0,1,1,1.0,1
2025-01-08,investing,0,1,1,1.0,1
2025-01-12,investing,0,1,1,1.0,1
2025-01-13,investing,0,1,1,1.0,1
2025-01-14,IndiaInvestments,0,1,1,1.0,1
2025-01-17,investing,0,1,1,1.0,1
2025-01-18,IndiaInvestments,0,1,1,1.0,1
2025-01-18,investing,1,2,3,0.6666666666666666,3
2025-01-18,stocks,0,1,1,1.0,1
2025-01-19,IndiaInvestments,1,0,1,0.0,1
2025-01-20,IndiaInvestments,0,1,1,1.0,1
2025-01-20,stocks,0,2,2,1.0,2
2025-01-21,stocks,0,1,1,1.0,1
2025-01-22,stocks,0,1,1,1.0,1
2025-01-25,stocks,0,1,1,1.0,1
2025-01-26,stocks,0,1,1,1.0,1
2025-01-29,IndiaInvestments,0,3,3,1.0,3
2025-02-01,IndiaInvestments,1,1,2,0.5,2
2025-02-02,IndiaInvestments,0,1,1,1.0,1
2025-02-02,investing,0,1,1,1.0,1
2025-02-03,investing,0,1,1,1.0,1
2025-02-04,stocks,0,1,1,1.0,1
2025-02-05,IndiaInvestments,0,1,1,1.0,1
2025-02-06,stocks,0,1,1,1.0,1
2025-02-10,IndiaInvestments,0,1,1,1.0,1
2025-02-10,investing,1,0,1,0.0,1
2025-02-11,investing,0,1,1,1.0,1
2025-02-16,stocks,0,1,1,1.0,1
2025-02-22,IndiaInvestments,0,1,1,1.0,1
2025-02-23,IndiaInvestments,0,2,2,1.0,2
2025-02-26,stocks,0,1,1,1.0,1
2025-02-27,stocks,1,0,1,0.0,1
2025-02-28,IndiaInvestments,1,0,1,0.0,1
2025-02-28,stocks,0,1,1,1.0,1
2025-03-01,IndiaInvestments,0,1,1,1.0,1
2025-03-03,stocks,1,0,1,0.0,1
2025-03-04,IndiaInvestments,0,1,1,1.0,1
2025-03-05,stocks,0,2,2,1.0,2
2025-03-06,investing,1,1,2,0.5,2
2025-03-07,investing,0,1,1,1.0,1
2025-03-11,stocks,1,0,1,0.0,1
2025-03-15,investing,0,1,1,1.0,1
2025-03-16,IndiaInvestments,0,2,2,1.0,2
2025-03-20,stocks,0,1,1,1.0,1
2025-03-23,IndiaInvestments,0,1,1,1.0,1
2025-03-24,stocks,0,2,2,1.0,2
2025-03-30,investing,0,1,1,1.0,1
2025-04-01,IndiaInvestments,0,1,1,1.0,1
2025-04-04,stocks,0,1,1,1.0,1
2025-04-05,stocks,1,0,1,0.0,1
2025-04-08,stocks,1,0,1,0.0,1
2025-04-10,IndiaInvestments,0,1,1,1.0,1
2025-04-10,stocks,0,1,1,1.0,1
2025-04-14,IndiaInvestments,0,1,1,1.0,1
2025-04-15,stocks,0,2,2,1.0,2
2025-04-17,IndiaInvestments,0,1,1,1.0,1
2025-04-17,investing,0,1,1,1.0,1
2025-04-21,investing,0,1,1,1.0,1
2025-04-22,IndiaInvestments,0,1,1,1.0,1
2025-04-24,IndiaInvestments,0,1,1,1.0,1
2025-04-24,stocks,0,1,1,1.0,1
2025-04-25,IndiaInvestments,0,1,1,1.0,1
2025-04-26,IndiaInvestments,0,1,1,1.0,1
2025-04-27,stocks,1,0,1,0.0,1
2025-05-01,IndiaInvestments,0,1,1,1.0,1
2025-05-02,IndiaInvestments,0,1,1,1.0,1
2025-05-02,investing,0,1,1,1.0,1
2025-05-03,IndiaInvestments,0,1,1,1.0,1
2025-05-05,IndiaInvestments,0,1,1,1.0,1
2025-05-07,IndiaInvestments,0,1,1,1.0,1
2025-05-10,IndiaInvestments,0,1,1,1.0,1
2025-05-10,stocks,0,1,1,1.0,1
2025-05-13,IndiaInvestments,0,1,1,1.0,1
2025-05-13,investing,0,1,1,1.0,1
2025-05-15,IndiaInvestments,0,2,2,1.0,2
2025-05-28,IndiaInvestments,0,1,1,1.0,1
2025-05-29,stocks,0,1,1,1.0,1
2025-05-30,investing,0,1,1,1.0,1
2025-06-01,IndiaInvestments,0,1,1,1.0,1
2025-06-01,stocks,0,1,1,1.0,1
2025-06-02,IndiaInvestments,0,1,1,1.0,1
2025-06-05,investing,0,2,2,1.0,2
2025-06-05,stocks,0,1,1,1.0,1
2025-06-06,IndiaInvestments,0,1,1,1.0,1
2025-06-08,stocks,0,1,1,1.0,1
2025-06-09,stocks,0,1,1,1.0,1
2025-06-19,stocks,0,1,1,1.0,1
2025-06-20,stocks,1,0,1,0.0,1
2025-06-22,IndiaInvestments,0,1,1,1.0,1
2025-06-27,stocks,0,1,1,1.0,1
2025-07-01,IndiaInvestments,0,1,1,1.0,1
2025-07-01,stocks,0,1,1,1.0,1
2025-07-03,investing,0,1,1,1.0,1
2025-07-04,stocks,0,1,1,1.0,1
2025-07-07,IndiaInvestments,0,1,1,1.0,1
2025-07-09,IndiaInvestments,0,1,1,1.0,1
2025-07-10,IndiaInvestments,0,1,1,1.0,1
2025-07-10,investing,0,1,1,1.0,1
2025-07-11,stocks,1,0,1,0.0,1
2025-07-12,IndiaInvestments,1,0,1,0.0,1
2025-07-14,IndiaInvestments,0,1,1,1.0,1
2025-07-16,stocks,0,1,1,1.0,1
2025-07-18,IndiaInvestments,0,1,1,1.0,1
2025-07-19,IndiaInvestments,0,1,1,1.0,1
2025-07-20,IndiaInvestments,0,1,1,1.0,1
2025-07-22,IndiaInvestments,0,2,2,1.0,2
2025-07-23,IndiaInvestments,0,1,1,1.0,1
2025-07-24,IndiaInvestments,0,2,2,1.0,2
2025-07-26,IndiaInvestments,0,1,1,1.0,1
2025-07-28,IndiaInvestments,0,1,1,1.0,1
2025-07-30,IndiaInvestments,0,1,1,1.0,1
2025-07-30,stocks,0,1,1,1.0,1
2025-08-07,IndiaInvestments,0,1,1,1.0,1
2025-08-07,stocks,0,1,1,1.0,1
2025-08-10,IndiaInvestments,0,1,1,1.0,1
2025-08-13,investing,0,1,1,1.0,1
2025-08-13,stocks,0,1,1,1.0,1
2025-08-16,stocks,0,2,2,1.0,2
2025-08-17,IndiaInvestments,0,1,1,1.0,1
2025-08-17,investing,1,0,1,0.0,1
2025-08-18,investing,0,1,1,1.0,1
2025-08-23,IndiaInvestments,0,1,1,1.0,1
2025-08-24,investing,0,1,1,1.0,1
2025-08-27,IndiaInvestments,0,1,1,1.0,1
2025-08-28,IndiaInvestments,1,1,2,0.5,2
2025-08-29,investing,0,1,1,1.0,1
2025-08-30,IndiaInvestments,0,1,1,1.0,1
2025-09-04,investing,1,1,2,0.5,2
2025-09-05,stocks,0,1,1,1.0,1
2025-09-08,IndiaInvestments,0,1,1,1.0,1
2025-09-08,investing,0,1,1,1.0,1
2025-09-09,IndiaInvestments,0,1,1,1.0,1
2025-09-09,investing,1,0,1,0.0,1
2025-09-12,IndiaInvestments,0,1,1,1.0,1
2025-09-17,stocks,0,1,1,1.0,1
2025-09-18,investing,0,1,1,1.0,1
2025-09-19,stocks,0,1,1,1.0,1
2025-09-22,IndiaInvestments,0,1,1,1.0,1
2025-09-26,stocks,0,1,1,1.0,1
2025-09-27,IndiaInvestments,0,1,1,1.0,1
2025-09-27,stocks,0,1,1,1.0,1
2025-09-29,IndiaInvestments,0,1,1,1.0,1
2025-09-29,investing,0,1,1,1.0,1
2025-09-29,stocks,1,1,2,0.5,2
2025-10-02,stocks,0,2,2,1.0,2
2025-10-03,IndiaInvestments,0,1,1,1.0,1
2025-10-03,stocks,0,1,1,1.0,1
2025-10-06,IndiaInvestments,0,1,1,1.0,1
2025-10-08,stocks,0,1,1,1.0,1
2025-10-09,IndiaInvestments,0,2,2,1.0,2
2025-10-09,stocks,0,1,1,1.0,1
2025-10-10,IndiaInvestments,0,1,1,1.0,1
2025-10-14,stocks,1,0,1,0.0,1
2025-10-15,stocks,1,0,1,0.0,1
2025-10-18,investing,1,0,1,0.0,1
2025-10-21,IndianStockMarket,1,3,4,0.75,4
2025-10-22,IndianStockMarket,0,6,6,1.0,6
2025-10-22,investing,0,1,1,1.0,1
2025-10-23,IndianStockMarket,1,7,8,0.875,8
2025-10-24,IndianStockMarket,0,6,6,1.0,6
2025-10-25,IndianStockMarket,0,2,2,1.0,2
2025-10-26,IndianStockMarket,0,5,5,1.0,5
2025-10-26,IndianStreetBets,0,7,7,1.0,7
2025-10-27,IndianStockMarket,0,8,8,1.0,8
2025-10-27,IndianStreetBets,0,7,7,1.0,7
2025-10-27,stocks,0,1,1,1.0,1
2025-10-28,IndianStockMarket,0,3,3,1.0,3
2025-10-28,IndianStreetBets,0,6,6,1.0,6
2025-10-29,IndianStockMarket,1,7,8,0.875,8
2025-10-29,IndianStreetBets,0,10,10,1.0,10
2025-10-30,IndianStockMarket,0,8,8,1.0,8
2025-10-30,IndianStreetBets,0,14,14,1.0,14
2025-10-31,IndianStockMarket,0,9,9,1.0,9
2025-10-31,IndianStreetBets,0,8,8,1.0,8
2025-10-31,stocks,0,1,1,1.0,1
2025-11-01,IndianStockMarket,0,2,2,1.0,2
2025-11-01,IndianStreetBets,0,4,4,1.0,4
2025-11-02,IndianStockMarket,0,4,4,1.0,4
2025-11-02,IndianStreetBets,0,3,3,1.0,3
2025-11-03,IndianStockMarket,1,6,7,0.8571428571428571,7
2025-11-03,IndianStreetBets,0,4,4,1.0,4
2025-11-04,IndianStockMarket,0,5,5,1.0,5
2025-11-04,IndianStreetBets,0,8,8,1.0,8
2025-11-05,IndiaInvestments,0,1,1,1.0,1
2025-11-05,IndianStockMarket,0,10,10,1.0,10
2025-11-05,IndianStreetBets,0,4,4,1.0,4
2025-11-06,IndianStockMarket,0,2,2,1.0,2
2025-11-06,IndianStreetBets,0,7,7,1.0,7
2025-11-07,IndianStockMarket,0,4,4,1.0,4
2025-11-07,IndianStreetBets,0,10,10,1.0,10
2025-11-08,IndianStockMarket,0,5,5,1.0,5
2025-11-08,IndianStreetBets,0,4,4,1.0,4
2025-11-09,IndianStockMarket,0,3,3,1.0,3
2025-11-09,IndianStreetBets,0,4,4,1.0,4
2025-11-10,IndianStockMarket,1,3,4,0.75,4
2025-11-10,IndianStreetBets,0,8,8,1.0,8
2025-11-11,IndianStockMarket,0,4,4,1.0,4
2025-11-11,IndianStreetBets,0,9,9,1.0,9
2025-11-12,IndianStockMarket,2,9,11,0.8181818181818182,11
2025-11-12,IndianStreetBets,1,13,14,0.9285714285714286,14
2025-11-13,IndianStockMarket,0,2,2,1.0,2
2025-11-13,IndianStreetBets,0,15,15,1.0,15
2025-11-14,IndianStockMarket,0,10,10,1.0,10
2025-11-14,IndianStreetBets,0,13,13,1.0,13
2025-11-15,IndianStockMarket,1,6,7,0.8571428571428571,7
2025-11-15,IndianStreetBets,0,3,3,1.0,3
2025-11-16,IndianStockMarket,0,4,4,1.0,4
2025-11-16,IndianStreetBets,0,5,5,1.0,5
2025-11-17,IndianStockMarket,0,11,11,1.0,11
2025-11-17,IndianStreetBets,0,4,4,1.0,4
2025-11-17,StockMarketIndia,2,1,3,0.3333333333333333,3
2025-11-18,IndianStockMarket,0,5,5,1.0,5
2025-11-18,IndianStreetBets,0,4,4,1.0,4
2025-11-18,StockMarketIndia,10,13,23,0.5652173913043478,23
2025-11-19,IndianStockMarket,1,4,5,0.8,5
2025-11-19,IndianStreetBets,1,8,9,0.8888888888888888,9
2025-11-19,StockMarketIndia,16,14,30,0.4666666666666667,30
2025-11-20,IndianStockMarket,0,11,11,1.0,11
2025-11-20,IndianStreetBets,0,7,7,1.0,7
2025-11-20,StockMarketIndia,12,9,21,0.42857142857142855,21
2025-11-21,IndianStockMarket,0,7,7,1.0,7
2025-11-21,IndianStreetBets,0,5,5,1.0,5
2025-11-21,StockMarketIndia,11,7,18,0.3888888888888889,18
2025-11-21,stocks,0,1,1,1.0,1
2025-11-22,IndianStockMarket,1,1,2,0.5,2
2025-11-22,StockMarketIndia,6,2,8,0.25,8
2025-11-23,IndianStockMarket,0,2,2,1.0,2
2025-11-23,IndianStreetBets,0,4,4,1.0,4
2025-11-23,StockMarketIndia,3,7,10,0.7,10
2025-11-24,IndianStockMarket,0,7,7,1.0,7
2025-11-24,IndianStreetBets,0,4,4,1.0,4
2025-11-24,StockMarketIndia,18,8,26,0.3076923076923077,26
2025-11-25,IndianStockMarket,0,7,7,1.0,7
2025-11-25,IndianStreetBets,0,5,5,1.0,5
2025-11-25,StockMarketIndia,10,12,22,0.5454545454545454,22
2025-11-25,stocks,0,1,1,1.0,1
2025-11-26,IndianStockMarket,0,6,6,1.0,6
2025-11-26,IndianStreetBets,0,10,10,1.0,10
2025-11-26,StockMarketIndia,8,13,21,0.6190476190476191,21
2025-11-27,IndianStockMarket,2,8,10,0.8,10
2025-11-27,IndianStreetBets,0,10,10,1.0,10
2025-11-27,StockMarketIndia,15,16,31,0.5161290322580645,31
2025-11-28,IndianStockMarket,0,10,10,1.0,10
2025-11-28,IndianStreetBets,0,6,6,1.0,6
2025-11-28,StockMarketIndia,6,16,22,0.7272727272727273,22
2025-11-29,IndianStockMarket,0,7,7,1.0,7
2025-11-29,IndianStreetBets,0,4,4,1.0,4
2025-11-29,StockMarketIndia,3,7,10,0.7,10
2025-11-29,investing,1,0,1,0.0,1
2025-11-30,IndiaInvestments,0,1,1,1.0,1
2025-11-30,IndianStockMarket,0,4,4,1.0,4
2025-11-30,IndianStreetBets,0,5,5,1.0,5
2025-11-30,StockMarketIndia,3,1,4,0.25,4
